<?xml version="1.0" ?>
<install version="1.5" type="extension" plugin="advlink" extension="flexicontentlinks" folder="links" method="upgrade">
	<name>Flexicontent Links for Advanced Link</name>
	<version>1.1</version>
	<creationDate>22 June 2010</creationDate>
	<author>Emmanuel Danan</author>
	<author>Ryan Demmer</author>
	<author>Andrew Patton</author>
	<authorEmail>ryandemmer@gmail.com</authorEmail>
	<authorEmail>andrew@acusti.ca</authorEmail>
	<authorUrl>http://www.joomlacontenteditor.net/</authorUrl>
	<copyright>Ryan Demmer</copyright>
	<license>GPL</license>
	<description>FLEXIcontent links for JCE Advanced Link, patched for FLEXIcontent version 1.5.2</description>
	<files>
		<filename>flexicontentlinks.php</filename>
		<filename>flexicontentlinks/index.html</filename>
		<filename>flexicontentlinks/flexicontent.php</filename>
		<filename>flexicontentlinks/flexitags.php</filename>
		<filename>flexicontentlinks/css/index.html</filename>
		<filename>flexicontentlinks/css/flexicontent.css</filename>
		<filename>flexicontentlinks/images/index.html</filename>
		<filename>flexicontentlinks/images/folder_page_white.png</filename>
		<filename>flexicontentlinks/images/page_white.png</filename>
		<filename>flexicontentlinks/images/tag_green.png</filename>
	</files>
	<params>
		<param name="advlink_flexicontent" type="list" default="1" label="Show FLEXIcontent's categories/items" description="Show FLEXIcontent's categories/items in JCE's Advanced Link page">
           	<option value="1">YES</option>
           	<option value="0">NO</option>
		</param>
		<param name="advlink_flexitags" type="list" default="1" label="Show FLEXIcontent's tags" description="Show FLEXIcontent's tags in JCE's Advanced Link page">
           	<option value="1">YES</option>
           	<option value="0">NO</option>
		</param>
	</params>
</install>
