<?xml version="1.0" encoding="utf-8"?>
<install version="1.5" type="plugin" group="flexicontent_fields">
	<name>FLEXIcontent - Time</name>
	<author>Andrew Patton</author>
	<authorUrl>www.purecobalt.com</authorUrl>
	<authorEmail>patton@purecobalt.com</authorEmail>
	<copyright>Copyright (C) 2010 Pure Cobalt</copyright>
	<creationDate>July 2010</creationDate>
	<license>GPLv2</license>
	<version>1.0</version>
	<description>Time FLEXIcontent Field</description>
	<files>
		<filename plugin="time">time.php</filename>
	</files>
	<params group="standard">
		<param name="display_label" type="radio" default="1" label="FLEXI_FIELD_DISPLAY_LABEL" description="FLEXI_FIELD_DISPLAY_LABEL_DESC">
			<option value="0">No</option>
			<option value="1">Yes</option>
		</param>
	</params>
	<params group="group-time">
		<param name="@spacer" type="spacer" default="Time must be entered as HH:MM" label="" description="" />
	</params>
	<languages>
		<language tag="en-GB">language/en-GB/en-GB.plg_flexicontent_fields_time.ini</language>
	</languages>
</install>