<?xml version="1.0" encoding="utf-8"?>
<metadata>
	<author>Andrew Patton</author>
	<website>www.purecobalt.com</website>
	<email>patton@purecobalt.com</email>
	<license>GPLv2</license>
	<version>1.0</version>
	<release>13 august 2010</release>
	<description>Creates an events calendar by displaying event items in a calendar layout. Configure the params to work with your particular setup by specifying what fields are used for an event's dates, what fields for the time, etc.</description>
	<params addpath="/administrator/components/com_flexicontent/elements">
		<param name="date_fields" type="text" size="30" default="" label="Date field name(s)" description="Enter the name of the date field (or fields) used for event items. Seperate multiple names with two colons" />
		<param name="time_fields" type="text" size="30" default="" label="Time field name(s)" description="Enter the name of the time field (or fields) used for event items. Seperate multiple names with two colons" />
		<param name="classification" type="list" default="2" label="Use what for classification" description="Use a custom 'event type' field or categories for (CSS) classification (if using categories, the primary category will be chosen)">
			<option value="0">No classification</option>
			<option value="1">Custom 'event type' field</option>
			<option value="2">Categories</option>
		</param>
		<param name="type_field" type="text" size="30" default="" label="Event type field name" description="[Optional] Enter the name of the field you are using to control event type, if applicable." />
		<param name="color_key" type="radio" default="1" label="Display color-coded key" description="Include a color-coded key above the calendar based on classification chosen above">
			<option value="0">No</option>
			<option value="1">Yes</option>
		</param>
		<param name="display_title" type="radio" default="1" label="Display title in day" description="Choose whether to display the title in the calendar day. If not, the day will get a CSS class that can be given a bckg-color, and if there are 3 or more events on a day (or 2 or more of same event type), they will be displayed as numbered links">
			<option value="0">No</option>
			<option value="1">Yes</option>
		</param>
		<param name="title_tooltip" type="radio" default="1" label="Title in tooltip" description="Choose whether to include event title in hover tooltip">
			<option value="0">No</option>
			<option value="1">Yes</option>
		</param>
		<param name="abbr_multi_title" type="radio" default="0" label="Abbreviate tooltip title for multi-day events" description="Choose whether to abbreviate the event title in hover tooltip for everyday after the first day in a mutli-day event">
			<option value="0">No</option>
			<option value="1">Yes</option>
		</param>
		<param name="abbr_title_chars" type="text" size="30" default="28" label="Limit title to (# chars)" description="If yes above, by how many characters do you want the title to be abbreviated?" />
		<param name="display_empty" type="radio" default="1" label="Display empty months" description="Do you wish to display empty months in between events? If so, the months will have 'empty' as their CSS class">
			<option value="0">No</option>
			<option value="1">Yes</option>
		</param>
		<param name="start_day" type="list" default="0" label="Start week on:" description="Day to start each week from">
			<option value="0">Sunday</option>
			<option value="1">Monday</option>
			<option value="2">Tuesday</option>
			<option value="3">Wednesday</option>
			<option value="4">Thursday</option>
			<option value="5">Friday</option>
			<option value="6">Saturday</option>
		</param>
	</params>
	<fieldgroups>
		<group>table</group>
	</fieldgroups>	
	<csscategory>
		<file>css/category.css</file>
	</csscategory>
	<jscategory>
	</jscategory>
</metadata>