<?xml version="1.0" encoding="utf-8"?>
<metadata>
	<author>Andrew Patton</author>
	<website>www.purecobalt.com</website>
	<email>patton@purecobalt.com</email>
	<license>GPLv2</license>
	<version>1.0</version>
	<release>13 august 2010</release>
	<description>Item layout for events</description>
	<fieldgroups>
		<group>pagetitle</group>
		<group>subtitle</group>
		<group>date</group>
		<group>time</group>
		<group>image</group>
		<group>top</group>
		<group>description</group>
		<group>bottom</group>
	</fieldgroups>	
	<cssitem>
		<file>css/item.css</file>
	</cssitem>
	<jsitem>
	</jsitem>	
</metadata>
